Startup,Institution,Funds,Alive?,URLs,Competitions,Founders
Broad Peak Energy Solutions,,$0.00,,[],['MIT Clean Energy Prize']
BoxFeeds,,$0.00,,[],['Caltech First Look West']
DaStrong Corp (fmr EcoBreeze),,"$822,500.00",,"['http://alliance.rice.edu/rbpc2014_winners_pressrelease/', 'http://www.43north.org/dastrong-corp', 'http://www.dastrong.com/index.php?c=list&cs=news']",['Clean Energy Trust']
Roadwise Technologies,,"$2,000.00",,[],['Caltech First Look West']
ReeBeez,,"$15,000.00",,['https://www.marshall.usc.edu/faculty/centers/cgi'],['Caltech First Look West']
Muir Data Systems (fmr Blue Dot Analytics,,$0.00,,[],['Caltech First Look West']
Temporary Energy,,$0.00,,[],['Caltech First Look West']
"Oklo, Inc (fmr Upower)",,"$206,000.00",,"['http://web.mit.edu/nse/news/2013/nse-teams-sweep-pitch-competition.html', 'http://news.mit.edu/2013/clean-energy-prize-awards-0507', 'http://web.mit.edu/nse/news/2014/dewitte-forbes-30under30.html']",['MIT Clean Energy Prize']
NanoFoundry,,"$180,000.00",,['http://jacobsschool.ucsd.edu/news/news_releases/release.sfe?id=1407'],['Caltech First Look West']
AMat,,$0.00,,[],['ACC Clean Energy Challenge']
FGC Plasma Solutions,,"$50,000.00",,['http://energy.gov/eere/articles/national-clean-energy-business-plan-competition-fgc-plasma-solutions-wins-2015'],['Clean Energy Trust']
SignTurbine,,$0.00,,[],['MIT Clean Energy Prize']
Electroluminescent Products,,$0.00,,[],['Clean Energy Trust']
Spero Energy,,"$1,280,000.00",,"['http://techportal.eere.energy.gov/news?id=21445', 'http://purdueresearchpark.com/news/alternative-energy-firm-receives-nearly-150000-funding-us-department-energy', 'http://purdueresearchpark.com/news/spero-energy-receives-1-million-funding-department-energy', 'http://www.purdue.edu/newsroom/releases/2014/Q4/purdue-research-park-based-renewable-chemicals-startup-receives-50,000-grant-from-elevate-ventures.html', 'http://www.speroenergy.com/news']",['Clean Energy Trust']
Stanford Nitrogen Group,,"$391,000.00",,[],['Caltech First Look West Competition  Rice Business Plan Competition 2012']
Rebound Technologies,,"$2,518,000.00",,"['http://rebound-tech.com/nsf-sbir-phase-2', 'http://rebound-tech.com/doe-sbir-phase-1', 'http://rebound-tech.com/news/nsf-sbir-phase-1', 'http://rebound-tech.com/news/energy-excelerator-acceptance', 'https://www.crunchbase.com/organization/rebound-technology-llc#/entity', 'http://cunvc.org/about/2012-winners/']",['CU Boulder Clean Energy Competition']
Smartility,,$0.00,,[],['Clean Energy Trust']
Mimas Nanosystems (fmr Bagpipe Technologies),,"$101,500.00",,['https://www.wm.com/about/press-room/pdfs/Rice_TG_Award.pdf'],"['Rice Business Plan Competition, Clean Energy Trust']"
Trash 2 Cash-Energy,,"$25,000.00",,"['http://us-cleantech.com/usf-startup-selected-for-nciias-e-team-program/, https://www.facebook.com/Trash2CashEnergy/']",['ACC Clean Energy Challenge']
Pico Spray,,"$1,133,000.00",,"['http://www.secondwavemedia.com/concentrate/innovationnews/PicoSprayannarbor0264.aspx', 'http://acceleratemichigan.org/ann-arbor-startups-score-big-wins-at-accelerate-michigan/', 'https://www.crunchbase.com/organization/picospray#/entity', 'http://www.michipreneur.com/5-startups-receive-3-million-from-michigan-pre-seed-fund-and-partners/']",['Clean Energy Trust']
MANTA,,"$682,274.00",,['http://www.mantabiofuel.com/'],['ACC Clean Energy Challenge']
Airzz,,$0.00,,[],['Rice Business Plan Competition']
MuPor Technologies,,$600.00,,[],['Rice Business Plan Competition']
Advanced Heliostats,,$0.00,,[],['ACC Clean Energy Challenge']
ProsumerGrid(frm Energy Internet),,"$3,050,000.00",,['http://arpa-e.energy.gov/sites/default/files/documents/files/OPEN_2015_Project_Descriptions.pdf'],['ACC Clean Energy Challenge']
Spray-n-Stretch,,"$2,500.00",,[],['Clean Energy Trust']
PiezoPowerTech,,"$55,000.00",,[],['Clean Energy Trust']
FlyDrive,,$0.00,,[],['Clean Energy Trust']
SiNode,,"$2,339,800.00",,"['Clean Energy Trust Illinois Challenge', 'https://www.nextenergy.org/release-winners-crowned-for-global-automotive-innovation-challenge/']",['Clean Energy Trust  Caltech First Look West 2012  Rice Business Plan Competition 2013']
CH4,,$0.00,,[],['Clean Energy Trust']
Aqua Power Enterprise,,$0.00,,[],['Clean Energy Trust']
Hyliion,,"$287,500.00",,"['http://masschallenge.org/', 'http://www.hyliion.com/news-posts/shell-technology-award/', 'http://www.hyliion.com/news/', 'http://www.hyliion.com/news-posts/norton-rose-fulbright-endowment/', 'http://energy.gov/eere/articles/hyliion-wins-us-department-energy-clean-tech-prize-2015-rice-business-plan-competition', 'http://www.engineering.columbia.edu/engineering-entrepreneurs-shine-columbia-venture-competition']",['Rice Business Plan Competition']
Afthon (fmr Detonation Dynamics),,"$25,000.00",,['http://afthon.com/company/'],"['Rice Business Plan Competition 2014, MIT Clean Energy Prize 2015']"
GrollTEX,,"$26,000.00",,['http://jacobsschool.ucsd.edu/news/news_releases/release.sfe?id=1756'],['Caltech First Look West']
Galipi Technologies,,$0.00,,[],['Caltech First Look West']
Reuse-e,,"$1,000.00",,[],['Clean Energy Trust']
Sprav Water,,"$10,000.00",,[],['Clean Energy Trust']
AquaFresco,,"$53,000.00",,"['http://www.mitwaterinnovation.com/so/7KoJyDXR#/main', 'http://bostinno.streetwise.co/2015/10/28/masschallenge-winners-2015-16-startups-win-1-5m/']",['MIT Clean Energy Prize']
Belleds Technologies,,"$108,117.00",,"['https://www.crunchbase.com/organization/belleds-technologies#/entity', 'http://news.mit.edu/2014/mit-chief-us-china-entrepreneurship-1118', 'http://cep.mit.edu/cep/2014/content/2014-grand-prize-showcase-awards-success']",['MIT Clean Energy Prize']
SkySpecs,,"$4,317,500.00",,"['https://www.crunchbase.com/organization/skyspecs#/entity', 'http://innovateblue.umich.edu/u-m-sweeps-accelerate-michigan-competition/', 'https://www.sbir.gov/sbirsearch/detail/418342']",['Clean Energy Trust']
Aerosol Control Technologies,,"$50,000.00",,['http://archgrants.org/startup/aerosol-control-technologies/'],['Clean Energy Trust']
QuikSun,,$0.00,,[],['Clean Energy Trust']
eHale,,$0.00,,[],['Caltech First Look West']
Reversible off the Grid Heated Blankets,,$0.00,,[],['Clean Energy Trust']
Convolutus,,"$10,000.00",,[],['Clean Energy Trust']
PowerUP Inc,,"$1,500.00",,['https://web.archive.org/web/20120910023616/http://ei.ncsu.edu/lulu-egames-winners-announced/'],['ACC Clean Energy Challenge']
Luma Light,,"$13,000.00",,[],['MIT Clean Energy Prize']
N-Core Technologies,,$0.00,,[],['CU Boulder Clean Energy Competition']
Kettering CHP,,$0.00,,[],['Clean Energy Trust']
Pulley Power Pack,,$0.00,,[],['Clean Energy Trust']
TerraWatt Solar,,$0.00,,[],['Clean Energy Trust']
Charging Lane,,$0.00,,[],['ACC Clean Energy Challenge']
Adaption Energy,,$0.00,,[],['Caltech First Look West']
reNature,,"$275,500.00",,['http://www.alliance.rice.edu/RBPC2012_Winners_PressRelease/'],['Rice Business Plan Competition']
Change:WATER,,"$7,500.00",,['http://news.mit.edu/2015/ideas-global-challenge-0416'],['MIT Clean Energy Prize']
NutriCycle Solutions,,$0.00,,[],['Clean Energy Trust']
LeanHVAC,,$0.00,,[],['MIT Clean Energy Prize']
Ecolate,,$0.00,,[],['MIT Clean Energy Prize']
Unified Solar,,"$140,000.00",,"['http://news.mit.edu/2014/mit-team-wins-clean-energy-prize-solving-solars-shade-problem-0429', 'https://tw.linkedin.com/in/albertchan1204']","['MIT Clean Energy Prize', 'MIT Clean Energy Prize']"
Aurora Solar,,"$400,000.00",,['http://energy.gov/eere/sunshot/project-profile-aurora-solar-inc-incubator-10'],['Caltech First Look West']
Nikoo Energy,,$0.00,,[],['Caltech First Look West']
Black Pine Engineering,,"$10,000.00",,['http://www.blackpineengineering.com/'],['Clean Energy Trust']
Beejli (fmr MobiSolar),,"$20,000.00",,['http://bostinno.streetwise.co/all-series/inspiring-the-next-generation-of-entrepreneurs-mits-clean-energy-prize-awards-200k/'],['MIT Clean Energy Prize']
Soletics,,"$62,000.00",,"['https://m.facebook.com/Soletics/about?expand_all=1&ref=page_internal', 'https://m.facebook.com/Soletics/about?expand_all=1&ref=page_internal', 'https://m.facebook.com/Soletics/about?expand_all=1&ref=page_internal', 'https://m.facebook.com/Soletics/about?expand_all=1&ref=page_internal', 'https://m.facebook.com/Soletics/about?expand_all=1&ref=page_internal', 'https://m.facebook.com/Soletics/about?expand_all=1&ref=page_internal', 'https://m.facebook.com/Soletics/about?expand_all=1&ref=page_internal']",['Clean Energy Trust']
Sidewinder Thermal Management,,$0.00,,[],['ACC Clean Energy Challenge']
Rare Earth Separations,,$0.00,,[],['Caltech First Look West']
GRIDORDER,,"$1,000.00",,['http://cep.mit.edu/cep/content/competition'],['MIT Clean Energy Prize']
Lac Hong Gasifiers (fmr Mekong Green Tech),,"$22,750.00",,"['http://www.scheller.gatech.edu/news-events/latest-news/2012/articles/I2Swinners.html', 'https://www.facebook.com/media/set/?set=a.133203186825827.43299.132849860194493&type=3', 'https://www.linkedin.com/in/ali-hatch-83090580']",['Rice Business Plan Competition']
Hybrid Wind,,$0.00,,[],['MIT Clean Energy Prize']
"Solight, LLC (fmr Cottonwood Solar)",,"$20,000.00",,[],['CU Boulder Clean Energy Competition']
Enkinta Energy,,"$1,250.00",,[],['Rice Business Plan Competition']
eChemion (frm EnergIndependence),,"$245,000.00",,[],['Caltech First Look West']
AMPY (fmr MyPower),,"$875,000.00",,['http://www.chicagobusiness.com/article/20151022/BLOGS11/151029944/ampy-raises-875-000-in-venture-funding'],['Clean Energy Trust  Rice Business Plan Competition 2015']
Spindrift Energy,,"$105,000.00",,['http://bostinno.streetwise.co/all-series/inspiring-the-next-generation-of-entrepreneurs-mits-clean-energy-prize-awards-200k/'],['MIT Clean Energy Prize']
Elemental Enzymes,,"$661,000.00",,['http://news.rice.edu/2012/04/17/numat-technologies-from-northwestern-crowned-rice-business-plan-competition-champion-2/'],['Rice Business Plan Competition']
Archer Technologies,,$0.00,,[],['Clean Energy Trust']
Thrive Energy,,"$3,000.00",,['https://www.facebook.com/cucleantech/?target_post=261872103906333&ref=story_permalink'],['CU Boulder Clean Energy Competition']
"Fischer Enterprises, LLC",,$0.00,,[],['Clean Energy Trust']
Qorax,,$0.00,,[],['MIT Clean Energy Prize']
"BioElectric, Inc. (fmr Bioelectrochemical Solutions LLC)",,"$50,000.00",,['http://grantome.com/grant/NSF/IIP-1445213'],['CU Boulder Clean Energy Competition']
CarboCatalyst,,$0.00,,[],['ACC Clean Energy Challenge']
Modphalt,,$0.00,,[],['Caltech First Look West']
Sodium Energy,,$0.00,,[],['MIT Clean Energy Prize']
Innoveq,,$0.00,,[],['MIT Clean Energy Prize']
Saturnis,,"$64,100.00",,[],['Clean Energy Trust']
Nikola Labs,,"$1,367,000.00",,"['http://www.bizjournals.com/columbus/news/2015/06/24/ohio-state-spinoff-raises-1-25m-for-battery.html', 'https://www.crunchbase.com/organization/nikola-labs-llc#/entity', 'https://engineering.osu.edu/news/2015/04/engineering-students-take-business-plans-next-level']",['Rice Business Plan Competition']
EZ Green,,"$49,895.00",,['http://www.energy.ca.gov/releases/2013_releases/2013-03-20_EISG_grants.html'],['Caltech First Look West']
Living Ink,,"$74,500.00",,['https://uk.linkedin.com/in/scott-fulbright-phd-aa2b0319'],['CU Boulder Clean Energy Competition']
ZYMtronix,,"$121,894,712.00",,"['http://www.zymtronix.com/?page_id=151', 'http://www.zymtronix.com/?page_id=152', 'http://www.zymtronix.com/?page_id=153', 'http://www.zymtronix.com/?page_id=154', 'http://www.zymtronix.com/?page_id=155', 'http://www.zymtronix.com/?page_id=156', 'http://www.zymtronix.com/?page_id=157', 'http://www.zymtronix.com/?page_id=158', 'http://www.zymtronix.com/?page_id=159']","['Caltech First Look West', 'MIT Clean Energy Prize', 'TOTAL']"
Cleanoventions,,"$15,100.00",,"['http://news.rice.edu/2012/04/17/numat-technologies-from-northwestern-crowned-rice-business-plan-competition-champion/', 'https://www.facebook.com/ecell.iitkgp/posts/10150761142163266', 'http://web.archive.org/web/20130807163228/http://www.cleanoventions.in/awards.html']",['Rice Business Plan Competition']
OpenWater Power,,"$450,000.00",,['http://www.boston.com/business/technology/innoeco/2014/01/openwater_power_developing_new.html'],['MIT Clean Energy Prize']
Vorpal,,$0.00,,[],['MIT Clean Energy Prize']
Mud Power,,$0.00,,[],['ACC Clean Energy Challenge']
Caltech Laboratory for Energy and Water,,$0.00,,[],['Caltech First Look West']
CloudSolar,,"$445,706.00",,['http://www.crowdfundinsider.com/2015/04/67002-cloudsolar-sues-indiegogo-for-cancelled-crowdfunding-campaign/'],['MIT Clean Energy Prize']
TriboTEX,,"$6,500.00",,"['https://news.wsu.edu/2015/06/19/wsu-student-entrepreneurs-capture-international-recognition/#.VYxjxWCJmJU', 'http://depts.washington.edu/foster/75000-awarded-to-student-led-startups/', 'http://www.lesfoundation.org/competition/2015.html']",['Rice Business Plan Competition']
Synco Energy,,$0.00,,[],['ACC Clean Energy Challenge']
Kair Energy Systems (fmr Kair Battery),,"$137,750.00",,"['https://buckeyevoices.osu.edu/articles/2015/04/13/a-breathing-battery-for-the-future/', 'https://buckeyevoices.osu.edu/articles/2015/04/13/a-breathing-battery-for-the-future/', 'https://buckeyevoices.osu.edu/articles/2015/04/13/a-breathing-battery-for-the-future/']",['Rice Business Plan Competition']
Xite Solar,,"$40,000.00",,[],['Caltech First Look West']
Solar Tri-Gen,,$0.00,,[],['MIT Clean Energy Prize']
Sustain-A-Watt Energy Solutions,,$0.00,,[],['Clean Energy Trust']
SunHub,,"$10,000.00",,['http://news.mit.edu/2013/clean-energy-prize-awards-0507'],['MIT Clean Energy Prize']
Dfly Systems (fmr Dragonfly Systems),,"$1,400,000.00",,['https://www.crunchbase.com/organization/dragonfly-systems#/entity'],['Caltech First Look West']
Stirling Innovations,,"$1,000.00",,[],['Caltech First Look West']
iVEG,,$0.00,,[],['MIT Clean Energy Prize  Caltech First Look West 2013']
Envirohaven,,"$35,000.00",,[],['Caltech First Look West']
MemPrint Dynamics,,"$5,000.00",,['http://www.innovationews.com/blue-ocean/memprint-dynamics-uses-new-technology-to-double-life-of-ultrafiltration-membranes/'],['CU Boulder Clean Energy Competition']
CLEW Systems LLC,,"$3,150,000.00",,['https://www.linkedin.com/in/clementcid/en'],['Caltech First Look West']
Biodomes Inc.,,$0.00,,[],['ACC Clean Energy Challenge']
DSP,,$0.00,,[],['Clean Energy Trust']
CrystalE,,$0.00,,[],['Clean Energy Trust']
e-Electricity,,"$21,500.00",,['https://www.facebook.com/ElectricityUnplugged/info/?tab=page_info'],['ACC Clean Energy Challenge']
MF Fire (frm Mulciber Stoves),,"$126,000.00",,['http://mffire.com/'],"['ACC Clean Energy Challenge', 'MIT Clean Energy Prize']"
CoolComposites (fmr CoolFlux),,"$184,984.00",,"['http://www.renewableenergyworld.com/articles/2015/06/mit-clean-energy-prize-awards-400000-to-energy-efficiency-renewable-ventures.html', 'https://www.nsf.gov/awardsearch/showAward?AWD_ID=1549136&HistoricalAwards=false']","['MIT Clean Energy Prize, Rice Business Plan Competition']"
Copula Design Concept for Wind Energy,,$0.00,,[],['Clean Energy Trust']
Root3 Tech,,"$1,615,000.00",,['http://root3tech.blogspot.com/'],['Clean Energy Trust']
OptimEV,,"$5,000.00",,['https://www.cmich.edu/colleges/cba/alumni/exchange/Documents/Exchange_Summer2013.pdf'],['Clean Energy Trust']
Eeme,,"$151,000.00",,['http://news.rice.edu/2013/04/22/2013-rice-business-plan-competition-awards-1-5-million-crowns-world-champion/'],['Rice Business Plan Competition']
Building Robotics,,"$6,640,000.00",,['https://www.crunchbase.com/organization/building-robotics#/entity'],"['Caltech First Look West', 'Caltech First Look West']"
Northern Aquaponics,,"$10,075.00",,['https://blogs.mtu.edu/business/2013/03/29/tech-students-win-20500-at-new-venture-competition/'],['Clean Energy Trust']
Meter Genius,,"$385,000.00",,"['http://www.businesswire.com/news/home/20140404005733/en/Clean-Energy-Challenge-Awards-100000-Grand-Prizes', 'http://www.mccormick.northwestern.edu/news/articles/2014/02/northwestern-startup-metergenius-wins-ten-thousand-in-clean-energy-contest.html', 'http://www.stltoday.com/business/columns/david-nicklaus/arch-grants-is-changing-st-louis-culture-one-entrepreneur-at/article_c4e36540-ba27-5752-91aa-9aa9aa2c38b4.html', 'http://chicagolakesidedevelopment.com/metergenius-awarded-lakeside-award', 'http://www.bizjournals.com/stlouis/blog/biznext/2015/02/6-new-startups-to-get-money-from-capital.html']",['Clean Energy Trust  MIT Clean Energy Prize 2014']
ATS Motors,,$0.00,,[],['Clean Energy Trust']
polySpectra,,"$4,458,500.00",,"['http://rawwerks.com/2013-sisca-award/', 'http://www.cyclotronroad.org/journal/2015/11/2/spark-thermionics-and-polyspectra-win-arpa-e-open-awards', 'http://www.noozhawk.com/article/medical_device_company_wins_ucsb_new_venture_competition/']",['Caltech First Look West']
GreenT,,$0.00,,[],['ACC Clean Energy Challenge']
Signal Techtronics,,"$7,000.00",,[],['Clean Energy Trust']
Arbor Solar Technologies,,"$11,518.00",,[],['Clean Energy Trust']
Advanced Farms,,$0.00,,[],['Clean Energy Trust']
Arborlight,,$0.00,,[],['Clean Energy Trust']
Atlas Energy Systems,,"$40,000.00",,"['https://www.linkedin.com/in/joshuadauger', 'http://www.purdue.edu/newsroom/releases/2015/Q1/elevate-purdue-foundry-fund-announces-inaugural-funding-awards-for-indiana-startups.html', 'http://www.purdue.edu/newsroom/releases/2014/Q4/purdue-students-commercialize-device-that-could-convert-nuclear-waste-into-electricity.html']",['Clean Energy Trust']
IDIAS-BioEnergy,,$0.00,,[],['CU Boulder Clean Energy Competition']
PolymerGreen,,"$10,000.00",,"['http://bostinno.streetwise.co/all-series/winners-of-the-2013-mit-ideas-global-challenge/', 'http://cmu-summit.org/index.php/en/competition/competition-reviews/2013-competition-review']",['MIT Clean Energy Prize']
GreenStar,,$0.00,,[],['ACC Clean Energy Challenge']
GreenAnalytix,,$0.00,,[],['MIT Clean Energy Prize']
Batterade,,$0.00,,[],['Rice Business Plan Competition']
Potluck Energy,,$0.00,,[],['MIT Clean Energy Prize']
Saaf Engineering,,"$3,000.00",,['http://jacobsschool.ucsd.edu/news/news_releases/release.sfe?id=1366'],['Caltech First Look West']
Achene Bio,,$0.00,,[],['Caltech First Look West']
Visolis,,"$860,000.00",,"['http://www.cyclotronroad.org/visolis/', 'http://www.cleanenergycouncil.org/files/NECEC_Institute_Press_ReleaseFinal.pdf', 'http://texasventurelabs.tumblr.com/post/49873639281/biotechnology-company-visolis-wins-global-venture', 'http://www.cyclotronroad.org/visolis/', 'https://www.sbir.gov/sbc/visolis-inc']",['MIT Clean Energy Prize']
ReGenerate Solutions,,"$295,000.00",,[],['Clean Energy Trust']
501Carbon,,"$10,000.00",,[],['ACC Clean Energy Challenge']
Biofuel Ecosystems,,$0.00,,[],['ACC Clean Energy Challenge']
Dynamo Micropower,,"$3,253,750.00",,"['Awardee Reporting, http://www.necec.org/member-news-details/dynamo-micropower-selected-for-surge-accelerator-startup-program.html', 'https://angel.co/dynamo-micropower', 'http://www.betaboston.com/news/2015/03/31/175000-from-massdevelopment-carries-dynamo-micropower-into-pilot-tests/', 'http://www.sunycnse.com/neny/Events/2012NESymposium.aspx', 'https://sbirsource.com/sbir/firms/24609-dynamo-micropower', 'http://alliance.rice.edu/2012_Participant_Winners/', 'http://dynamo-micropower.com/awards-and-accolades/']","['MIT Clean Energy Prize', 'Rice Business Plan Competition', 'ACC Clean Energy Challenge']"
Carbon Recycling Corporation,,$0.00,,[],['Clean Energy Trust']
Midwest Biofuels Analytica,,$0.00,,[],['Clean Energy Trust']
Navillum,,"$1,097,473.00",,['http://www.nsf.gov/awardsearch/showAward?AWD_ID=1430979&HistoricalAwards=false'],['CU Boulder Clean Energy Competition']
Drinkwelll,,"$125,500.00",,"['http://www.bizjournals.com/boston/blog/startups/2014/10/meet-the-startup-winners-of-the-2014-masschallenge.html?page=all', 'http://poetsandquants.com/2015/04/18/socially-minded-ventures-compete-at-haas/', 'https://theventureforum.org/Resources/Documents/TVF%202014%20Five%20Minute%20Pitch%20winners%20031214.pdf']",['MIT Clean Energy Prize']
EVStation,,$0.00,,[],['Clean Energy Trust']
Surya Conversions,,"$16,250.00",,"['http://teamboulder.org/2015/12/uptake-esprit-venture-challenge-propels-startup-social-entrepreneurs/', 'https://www.linkedin.com/in/samuel-winston-6671879']",['MIT Clean Energy Prize']
Spinnergy,,$0.00,,[],['Caltech First Look West']
GTRACK Technologies,,"$11,450.00",,"['http://pennvention.io/news, http://www.thedp.com/article/2015/04/bionux-reaches-for-first-at-2015-pennvention', 'https://yprize.upenn.edu/about/past-winners', 'http://cep.mit.edu/cep/2015/teams/semifinalists', 'http://mandtinnovationfund.com/', 'http://www.gtracktechnologies.com/press.html', 'https://angel.co/gtrack-technologies']",['MIT Clean Energy Prize']
Effimax Solar,,"$155,500.00",,[],['Clean Energy Trust']
e1e2,,$0.00,,[],['Clean Energy Trust']
Cool and Clear Solar,,$0.00,,[],['Clean Energy Trust']
ReCraft,,$0.00,,[],['Clean Energy Trust']
NanoSyth,,$0.00,,[],['CU Boulder Clean Energy Competition']
Agira Photonics,,$0.00,,[],['MIT Clean Energy Prize']
BioRecyClean,,$0.00,,[],['CU Boulder Clean Energy Competition']
Building Energy Efficiency Mapping (BEEMS),,$0.00,,[],['Caltech First Look West']
Optimum Cooling Solutions (OCS),,$0.00,,[],['ACC Clean Energy Challenge']
Lost Joules,,$0.00,,[],['Clean Energy Trust']
Hollow Core Wind Turbine Generator,,$0.00,,[],['Clean Energy Trust']
Power-by-Nano,,$0.00,,[],['Clean Energy Trust']
Ayar Labs (fmr OptiBit),,"$205,000.00",,['http://news.mit.edu/2015/optical-chips-clean-energy-prize-0513'],['MIT Clean Energy Prize']
Power Trip,,$0.00,,[],['Clean Energy Trust']
Lucelo Technologies,,$0.00,,[],['Rice Business Plan Competition']
Advano,,"$105,000.00",,"['https://www.facebook.com/advanotech/timeline?ref=page_internal', 'https://angel.co/advano']",['Rice Business Plan Competition']
Glass Tube Recycling,,$0.00,,[],['Clean Energy Trust']
SioTeX Corporation,,"$234,756.00",,"['http://sio-tex.com/news.html', 'http://alliance.rice.edu/rbpc2014_winners_pressrelease/', 'http://cfpub.epa.gov/ncer_abstracts/index.cfm/fuseaction/display.abstractDetail/abstract/10490/report/0']",['Rice Business Plan Competition']
E-Rescue,,$0.00,,[],['Clean Energy Trust']
Safire,,"$27,500.00",,"['http://cep.mit.edu/content/mit-clean-energy-prize-announces-2015-winners', 'http://news.harvard.edu/gazette/story/2015/04/answering-an-urgent-call/']",['MIT Clean Energy Prize']
Bit Harmonics,,"$2,500.00",,['http://mitsloan.mit.edu/newsroom/articles/innovation-for-health-and-wellness-comes-up-big-at-mit-accelerate-contest/'],"['Rice Business Plan Competition, MIT Clean Energy Prize']"
Torch Hybrid Marine,,$0.00,,[],['Clean Energy Trust']
REEcycle,,"$207,500.00",,['http://www.reecycleinc.com/coverage/'],['Caltech First Look West']
UM Waste to Energy Project,,$0.00,,[],['ACC Clean Energy Challenge']
Invisergy,,"$20,500.00",,"['https://web.archive.org/web/20140813011153/http://www.thedp.com/article/2012/07/business-competitions-give-startups-a-boost', 'http://whartonmagazine.com/issues/summer-2012/institutionalizing-entrepreneurial-urges/', 'http://technical.ly/philly/2012/04/23/kinecthesia-take-top-prize-at-weiss-tech-house-pennvention-competition-to-demo-during-philly-tech-week-video/', 'https://te-in.facebook.com/mit100k/posts/241031482664258?stream_ref=5']",['MIT Clean Energy Prize']
CalWave (fmr Caltech Laboratory for Energy and Water),,"$531,372.00",,"['Cylotron Road', 'http://calwave.org/blog/']",['Caltech First Look West   MIT Clean Energy Prize 2015  Rice Business Plan Competition 2015']
Greenshields,,"$11,000.00",,"['https://www.linkedin.com/in/jonnycohen', 'http://news.monster.com/a/business/the-new-inventors-catching-up-with-six-30-under-30-makers-888ac0']",['MIT Clean Energy Prize']
CH5,,$0.00,,[],['Clean Energy Trust']
Inviroment,,"$104,200.00",,"['http://newsroom.unl.edu/announce/todayatunl/2222/12311?utm_campaign=wdn_social&utm_medium=share_this&utm_source=wdn_twitter', 'http://seismos.com/2013-rice-business-plan-competition-awards-1-5-million-and-crowns-world-champion/']","['Rice Business Plan Competition,  CU Boulder Clean Energy Competition 2013']"
Water & Environmental Technologies,,$0.00,,[],['Clean Energy Trust']
Fluency Lighting Technologies,,"$275,000.00",,['http://www.nsf.gov/awardsearch/showAward?AWD_ID=1549853&HistoricalAwards=false'],['Rice Business Plan Competition  Caltech First Look West 2015']
plugSTRATE,,"$151,000.00",,"['https://medium.com/@nycmedialab/nyc-media-lab-annual-summit-2015-aed9ec35a89b#.teh1nq8aw', 'http://www.powerbridgeny.com/team/26']","['MIT Clean Energy Prize, Rice Business Plan Competition']"
Lyxia,,"$18,700,000.00",,['www.lyxia.com'],['Caltech First Look West']
Kanoot,,"$6,000.00",,"['http://globalchallenge.mit.edu/news/view/369', 'http://legatum.mit.edu/iap-2014-seed-grants', 'http://www.sparkcleanenergy.org/news/from-waste-to-fuel-kanoot']",['MIT Clean Energy Prize']
Carbonility,,$0.00,,[],['Clean Energy Trust']
Re:Wind,,$0.00,,[],['Clean Energy Trust']
Sparkfull,,$0.00,,[],['MIT Clean Energy Prize']
Aeolus Building Efficiency,,"$245,000.00",,"['http://www.bu.edu/today/2013/bu-team-takes-a-first-at-mit-clean-energy-competition/', 'https://www.sbir.gov/sbirsearch/detail/403617']",['MIT Clean Energy Prize']
Agribotix,,"$1,602,500.00",,"['http://www.techrockies.com/agribotix-gets-k-for-farm-drones/s-0060256.html', 'http://agribotix.com/blog/2014/3/13/agribotix-wins-the-cleantech-track-of-the-university-of-colorado-new-venture-challenge']",['CU Boulder Clean Energy Competition']
Thermovolt Solar,,"$25,000.00",,['http://cep.mit.edu/cep/2014/content/2014-grand-prize-showcase-awards-success'],['MIT Clean Energy Prize']
conDUCT Solutions,,$0.00,,[],['Clean Energy Trust']
Team A.C.,,$0.00,,[],['Clean Energy Trust']
SmartSave,,$0.00,,[],['MIT Clean Energy Prize']
Earth Starter,,"$407,500.00",,['https://www.linkedin.com/in/philweiner'],['Caltech First Look West']
Greenbotics,,"$225,000.00",,['http://dailybruin.com/2012/05/29/anderson_students_present_innovative_business_plans_in_knapp_venture_competition_for_prizes_industry/'],['Caltech First Look West']
Plasmonic Energy,,$0.00,,[],['MIT Clean Energy Prize']
Vimana,,$0.00,,[],['Clean Energy Trust']
NexTint,,"$35,000.00",,[],['Caltech First Look West']
Refrackt,,"$24,000.00",,[],['ACC Clean Energy Challenge']
EnVIV,,$0.00,,[],['ACC Clean Energy Challenge']
Applied Particle Technology,,"$374,515.00",,"['http://www.nsf.gov/awardsearch/showAward?AWD_ID=1549666&HistoricalAwards=false', 'https://fuse.wustl.edu/applied-particle-technology-wins-50000-global-impact-award/', 'http://news.stlpublicradio.org/post/arch-grants-summer-2015-class-announced', 'https://gradpages.wustl.edu/bec/articles/3954', 'https://engineering.wustl.edu/news/Pages/Applied-Particle-Technology-wins-$50,000-Arch-Grant.aspx']",['MIT Clean Energy Prize']
NGen Corporation,,"$131,000.00",,[],['Rice Business Plan Competition']
Mesdi Systems,,"$142,500.00",,[],"['ACC Clean Energy Challenge', 'ACC Clean Energy Challenge']"
SOFI Automotive,,$0.00,,[],['Clean Energy Trust']
Akiba Cooking Solutions (Akiba Energy Solutions),,"$5,600.00",,"['http://seismos.com/2013-rice-business-plan-competition-awards-1-5-million-and-crowns-world-champion/', 'https://www.linkedin.com/in/faith-jezza-00978222']",['Rice Business Plan Competition']
A2B Bikeshare,,"$304,000.00",,"['http://newenterpriseforum.org/ShowcasePresenters', 'http://www.wilx.com/home/headlines/Lansings-Bike-Share-Program-is-Over--289509071']",['Clean Energy Trust']
Nusku Energy Applications,,$0.00,,[],['Clean Energy Trust']
Raja Systems,,"$75,000.00",,['http://masschallenge.org/files/2013-10-30_AC-Release_0.pdf'],['MIT Clean Energy Prize']
AutoPilot,,$0.00,,[],['Clean Energy Trust']
Granular Systems,,$0.00,,[],['ACC Clean Energy Challenge']
EcoAssists,,$0.00,,[],['ACC Clean Energy Challenge']
Integrated Power Technologies Corp.,,$0.00,,[],['Caltech First Look West']
"EcoLight (fmr House Inc., Cirquility)",,"$252,500.00",,['http://engineering.dartmouth.edu/magazine/incubating-an-eco-business/'],['Rice Business Plan Competition']
Carbon Origins,,"$10,000.00",,['http://cwru-daily.com/news/student-startup-carbon-origins-took-third-at-first-blackstone-launchpad-demo-day/'],['Clean Energy Trust']
BioAdhesive Alliance,,"$575,500.00",,"['http://inside.uncc.edu/news-features/2013-05-06/greensboro-based-company-wins-charlotte-venture-challenge', 'http://apps.trb.org/cmsfeed/TRBNetProjectDisplay.asp?ProjectID=3531', 'https://twitter.com/gistanevent/status/377932180762427392']",['ACC Clean Energy Challenge']
DATTUS (fmr Bearing Analytics),,"$1,435,000.00",,"['http://www.purdue.edu/newsroom/releases/2014/Q1/bearing-analytics,-exdie-cleaning-technologies-claim-purdues-27th-annual-burton-morgan-business-plan-competition.html', 'https://www.linkedin.com/in/anuragpurdue', 'https://www.linkedin.com/in/anuragpurdue', 'http://www.in.gov/activecalendar/EventList.aspx?view=EventDetails&eventidn=217899&information_id=213431&type=&rss=rss', 'http://www.in.gov/activecalendar/EventList.aspx?view=EventDetails&eventidn=217899&information_id=213431&type=&rss=rss']",['Clean Energy Trust  Rice Business Plan Competition 2014']
SolidEnergy,,"$23,307,000.00",,"['http://www.sec.gov/Archives/edgar/data/1587226/000158722615000002/xslFormDX01/primary_doc.xml', 'http://www.sec.gov/Archives/edgar/data/1587226/000158722615000003/xslFormDX01/primary_doc.xml', 'https://i3connect.com/company/solidenergy', 'http://bostinno.streetwise.co/all-series/inspiring-the-next-generation-of-entrepreneurs-mits-clean-energy-prize-awards-200k/', 'http://bostinno.streetwise.co/2012/02/23/mit-accelerates-into-their-100k-competition-awarding-an-early-12k-to-the-worlds-safest-battery/', 'http://www.masscec.com/about-masscec/news/masscec-awarded-200000-clean-energy-research-grants-massachusetts-clean-tech', 'https://web.archive.org/web/20120520064427/http://money.cnn.com/galleries/2012/smallbusiness/1205/gallery.rice-business-plan-winners.fortune/4.html', 'http://news.mit.edu/2012/cloud-top-wins-mit-100k-0517']","['MIT Clean Energy Prize, Rice Business Plan Competition', 'MIT Clean Energy Prize']"
Daycasters,,$0.00,,[],['Caltech First Look West']
Future Tech Farm,,"$18,000.00",,['Venturewell AgTech Accelerator'],['Clean Energy Trust']
Opus 12 (fmr Obtainium),,"$510,000.00",,['http://www.oceanexchange.org/event-section/big-pitch/'],"['Caltech First Look West, Rice Business Plan Competition']"
Envir Energy,,$0.00,,[],['MIT Clean Energy Prize']
Precision Water,,$0.00,,[],['Clean Energy Trust']
Ceres Biofuels,,$0.00,,[],['Clean Energy Trust']
Boom Algae (fmr Superior Ecotech),,"$95,500.00",,"['Awardee Reporting, http://legacy.9news.com/story/money/business/2014/06/24/boulder-cleantech-company/11302969/', 'http://www.xconomy.com/boulder-denver/2013/04/18/algae-harvesters-online-market-for-teachers-share-cu-biz-plan-title/', 'https://www.linkedin.com/in/danieljhiggs', 'https://www.linkedin.com/in/philipgcalabrese']","['CU Boulder Clean Energy Competition, Rice Business Plan Competition']"
Oxy-Zn,,$0.00,,[],['Rice Business Plan Competition']
Advanced Renewable Technology International (ARTi),,$0.00,,[],['CU Boulder Clean Energy Competition  Clean Energy Trust 2015']
Pyro-E,,"$1,250,000.00",,[],['Caltech First Look West']
Sistine Solar,,"$1,020,000.00",,"['http://www.prweb.com/releases/solarskin/beautifullysustainable/prweb13091176.htm', 'http://news.mit.edu/2013/clean-energy-prize-awards-0507', 'http://www.sparkcleanenergy.org/news/art-with-a-clean-energy-purpose-sistine-solar']",['MIT Clean Energy Prize']
Picasolar,,"$2,714,500.00",,"['http://news.uark.edu/articles/20844/university-of-arkansas-sweeps-top-three-graduate-division-spots-at-governor-s-cup', 'http://news.uark.edu/articles/20844/university-of-arkansas-sweeps-top-three-graduate-division-spots-at-governor-s-cup', 'http://news.uark.edu/articles/20844/university-of-arkansas-sweeps-top-three-graduate-division-spots-at-governor-s-cup', 'http://seismos.com/2013-rice-business-plan-competition-awards-1-5-million-and-crowns-world-champion/', 'http://innovation.arkansasbusiness.com/blog/post/8435/picasolar-wins-cleantech-regional-open-selected-for-nrel-growth-forum', 'https://www.highbeam.com/doc/1G1-323981518.html']","['MIT Clean Energy Prize, Rice Business Plan Competition']"
Chai Energy,,"$1,315,000.00",,"['https://www.crunchbase.com/organization/chai-energy#/entity', 'https://www.crunchbase.com/organization/chai-energy#/entity', 'http://oberlinreview.org/4707/uncategorized/off-the-cuff-cole-hershkowitz-oc-11/']",['Caltech First Look West']
Effuelent,,"$121,000.00",,"['http://www.uc.edu/news/NR.aspx?id=18528', 'http://www.effuelent.com/awards--competitions.html', 'http://www.effuelent.com/awards--competitions.html', 'http://www.effuelent.com/awards--competitions.html']",['Clean Energy Trust']
NextPotential,,"$80,000.00",,"['https://i3connect.com/company/nextpotential', 'http://www.thebigsell.org/Winners2014', 'https://www.facebook.com/nextpotential/info/?tab=page_info', 'https://www.facebook.com/nextpotential/info/?tab=page_info', 'http://www.flinn.org/bioscience/arizonas-bioscience-roadmap/entrepreneurship-program/', 'http://www.azcommerce.com/news-events/press-releases/arizona-commerce-authority-announces-semifinalists-in-the-spring-2015-arizona-innovation-challenge']","['MIT Clean Energy Prize, Rice Business Plan Competition, First Look West']"
Wavve,,"$138,368.00",,"['http://bauerticker.uh.edu/recognition/undergraduates-win-30000-in-awards-at-rice-tcu-business-plan-competitions/', 'http://wavvestream.com/#press', 'http://hello-tomorrow.org/hello-tomorrow-challenge-food-agriculture/', 'http://www.thingsseenandunseen.com/u-of-h-wolff-center-for-entrepreneurship', 'https://www.linkedin.com/in/ivette-rubio-24965b66', 'http://www.bauer.uh.edu/centers/wce/programs/competitions.php', 'http://www.bauer.uh.edu/centers/wce/programs/competitions.php']",['Rice Business Plan Competition']
Takachar,,"$24,000.00",,"['http://takachar.blogspot.com/2013/04/takachar-emerges-second-in-walmarts.html', 'http://99u.com/articles/15026/introducing-the-2013-alva-emerging-fellows', 'http://thekatynews.com/tag/northwestern-universitys-sinode-systems/']","['MIT Clean Energy Prize, Rice Business Plan Competition']"
uLink,,"$25,000.00",,['http://cep.mit.edu/cep/2014/content/2014-grand-prize-showcase-awards-success'],['MIT Clean Energy Prize']
IOMI Technologies,,"$3,700.00",,['http://news.rice.edu/2012/04/17/numat-technologies-from-northwestern-crowned-rice-business-plan-competition-champion/'],['Rice Business Plan Competition']
Agogy,,$0.00,,[],['Clean Energy Trust']
MuTherm,,"$5,000.00",,[],['Caltech First Look West']
Elegus Technologies,,"$220,000.00",,"['https://www.research.gov/research-portal/appmanager/base/desktop;jsessionid=6bVnJZlb1YJv3pGNV66ZPXNZ18Mjct2sbTcp6YhRxF1WxPFckyn8!409253227!-342394589?_nfpb=true&_windowLabel=rsrRecentAwards_2&wsrp-urlType=blockingAction&wsrp-url=&wsrp-requiresRewrite=&wsrp-navigationalState=eJyLL07OL0i1Tc-JT0rMUYNQtgBZ6Af8&wsrp-interactionState=wlprsrRecentAwards_2_action%3DviewRsrDetail%26wlprsrRecentAwards_2_fedAwrdId%3D1464101&wsrp-mode=wsrp%3Aview&wsrp-windowState=', 'https://www.crunchbase.com/funding-round/900466e2358a9702ca51a6c4f29d01d2']",['Rice Business Plan Competition']
NuMat Technologies,,"$8,859,300.00",,"['http://www.builtinchicago.org/2015/04/15/northwestern-born-startups-score-half-available-funding-clean-energy-challenge', 'https://www.crunchbase.com/organization/numat-technologies#/entity', 'https://www.crunchbase.com/organization/numat-technologies#/entity', 'https://www.crunchbase.com/organization/numat-technologies#/entity', 'http://www.nsf.gov/awardsearch/showAward?AWD_ID=1315059&HistoricalAwards=false', 'http://www.nsf.gov/awardsearch/showAward?AWD_ID=1430682&HistoricalAwards=false', 'http://news.utexas.edu/2012/05/08/venture_labs']","['Clean Energy Trust', 'Clean Energy Trust', 'Clean Energy Trust', 'Clean Energy Trust']"
CinderBio,,"$150,000.00",,[],['Caltech First Look West']
SMoL Fuel Cells,,$0.00,,[],['Caltech First Look West']
Solutions,,"$1,100,000.00",,[],['Clean Energy Trust']
Green Coal,,"$1,000.00",,[],['Clean Energy Trust']
Navi-Chem,,"$45,000.00",,"['http://www.studyranger.com/en/news/19787', 'http://www.renewableenergyworld.com/articles/2015/06/mit-clean-energy-prize-awards-400000-to-energy-efficiency-renewable-ventures.html']",['MIT Clean Energy Prize']
NetEnergy,,$0.00,,[],['Clean Energy Trust']
NanoHarv Technologies,,$500.00,,[],['Clean Energy Trust']
Imagine Labs,,"$10,000.00",,[],['Clean Energy Trust']
Superior AquaSystems (fmr Superior Aqua Culture Systems),,"$25,000.00",,['http://www.eup-planning.org/PDF/CEDS/2014%20CEDS%20performance%20report.pdf'],['Clean Energy Trust']
Current Tidal,,"$6,000.00",,"['https://www.linkedin.com/in/jonathandiclemente', 'https://www.linkedin.com/in/jonathandiclemente']",['Clean Energy Trust']
Fuellent Energy Solutions,,$0.00,,[],['Clean Energy Trust']
Adnoviv,,$0.00,,[],['Caltech First Look West']
SafeLiCell,,"$25,000.00",,['http://www.bioe.umd.edu/news/news_story.php?id=6603'],['ACC Clean Energy Challenge']
Hydraulic Wind Power,,$0.00,,[],['Clean Energy Trust']
Transtorage,,$0.00,,[],['Clean Energy Trust']
Amplified Wind Solutions,,"$1,195,600.00",,['https://www.linkedin.com/in/nikizmij'],['Clean Energy Trust']
DF Tech,,"$321,000.00",,['http://www.crainscleveland.com/article/20140307/FREE/140309831/lorain-countys-innovation-fund-awards-400000-in-grants'],['Clean Energy Trust']
Effortless Energy,,"$185,700.00",,[],"['MIT Clean Energy Prize', 'Rice Business Plan Competition', 'Clean Energy Trust']"
Genius Buildings,,$0.00,,[],['CU Boulder Clean Energy Competition']
EcoSpinners,,$0.00,,[],['Clean Energy Trust']
Radiator Labs,,"$1,030,000.00",,"['http://www.verizonwireless.com/news/article/2015/02/5-questions-for-radiator-labs-ceo-marshall-cox.html', 'http://bostinno.streetwise.co/all-series/inspiring-the-next-generation-of-entrepreneurs-mits-clean-energy-prize-awards-200k/', 'http://www.businesswire.com/news/home/20120501006858/en/Radiator-Labs-Wins-200000-MIT-Clean-Energy', 'http://www.nyserda.ny.gov/Partners-and-Investors/Clean-Energy-Startups/NYSERDA-Catalyzes-Investments/2014-09-04-Radiator-Labs', 'http://tech.co/basetrace-radiator-labs-win-energy-1776-challenge-cup-2015-05, http://technical.ly/dc/2015/05/18/second-1776-challenge-cup-winner-banana-exporter/']",['MIT Clean Energy Prize']
EnerLeap (fmr EnerLeap),,"$50,000.00",,[],['Rice Business Plan Competition']
AMPY (fmr myPower),,"$604,000.00",,['http://www.technewsworld.com/story/81269.html'],['Clean Energy Trust  Rice Business Plan Competition 2015']
Stef Gen,,"$10,000.00",,[],['Clean Energy Trust']
Innsystec,,"$33,009.00",,"['http://www.gruenderwettbewerb.de/preistraeger/preistraeger/runde-1-2015', 'http://innsystec.com/about/#']",['Rice Business Plan Competition']
BrewCovery,,"$35,000.00",,[],['ACC Clean Energy Challenge']
Solar Still,,$0.00,,[],['Clean Energy Trust']
Axiom Exergy,,"$1,600,000.00",,[],['Caltech First Look West']
CW Inc.,,$0.00,,[],['Clean Energy Trust']
